{"timestamps": [1551916380.026987, 1551916400.540342, 1551916427.226877, 1551916439.546787, 1551916450.868321, 1551916461.145795, 1551916474.472808, 1551916488.775398, 1551916497.019765, 1551916509.376995, 1551916530.998318, 1551916543.413954, 1551916568.075975, 1551916576.364375, 1551916592.879265, 1551916609.315454, 1551916629.861103, 1551916671.928323, 1551916675.100936, 1551916750.838027, 1551916763.213458, 1551916772.532805, 1551916784.896033, 1551916793.201676, 1551916797.391498, 1551916811.803441, 1551916826.286626, 1551916839.67782, 1551916848.934908, 1551916869.518343, 1551916881.863152, 1551916900.399463, 1551916910.646153, 1551916916.825212, 1551916921.012009, 1551916940.552566, 1551916943.69679, 1551916956.053142, 1551916979.667955, 1551916988.945345, 1551916998.203448, 1551917007.479172, 1551917011.65123, 1551917029.166425, 1551917045.646243, 1551917074.344589, 1551917094.92503, 1551917105.216874, 1551917112.481186, 1551917140.170777, 1551917171.967395, 1551917214.000738, 1551917234.686913, 1551917283.920484, 1551917292.144833, 1551917300.332873, 1551917303.456859, 1551917311.772277, 1551917328.189938, 1551917337.484103, 1551917351.941393, 1551917367.375021, 1551917385.863602, 1551917397.210594, 1551917406.522683, 1551917426.125827, 1551917433.407467, 1551917447.78969, 1551917458.060252, 1551917470.384517, 1551917480.660565, 1551917503.242683, 1551917528.991981, 1551917551.566425, 1551917580.356712, 1551917596.879916, 1551917609.304555, 1551917632.893141, 1551917646.246896, 1551917652.471335, 1551917666.905876, 1551917684.433152, 1551917717.260834, 1551917740.891108, 1551917747.103948, 1551917767.768635, 1551917778.09618, 1551917785.398156, 1551917802.861693, 1551917837.657733, 1551917867.421642, 1551917877.83424, 1551917901.532625, 1551917908.74606, 1551917933.389257, 1551917967.199912, 1551917989.727945, 1551918001.024671, 1551918012.370994, 1551918021.64042], "initial_reset_timestamp": 1551916359.349527, "episode_types": ["t", "t", "t", "t", "t", "t", "t", "t", "t", "t", "t", "t", "t", "t", "t", "t", "t", "t", "t", "t", "t", "t", "t", "t", "t", "t", "t", "t", "t", "t", "t", "t", "t", "t", "t", "t", "t", "t", "t", "t", "t", "t", "t", "t", "t", "t", "t", "t", "t", "t", "t", "t", "t", "t", "t", "t", "t", "t", "t", "t", "t", "t", "t", "t", "t", "t", "t", "t", "t", "t", "t", "t", "t", "t", "t", "t", "t", "t", "t", "t", "t", "t", "t", "t", "t", "t", "t", "t", "t", "t", "t", "t", "t", "t", "t", "t", "t", "t", "t", "t"], "episode_lengths": [19, 19, 25, 11, 10, 9, 12, 13, 7, 11, 20, 11, 23, 7, 15, 15, 19, 40, 2, 73, 11, 8, 11, 7, 3, 13, 13, 12, 8, 19, 11, 17, 9, 5, 3, 18, 2, 11, 22, 8, 8, 8, 3, 16, 15, 27, 19, 9, 6, 26, 30, 40, 19, 47, 7, 7, 2, 7, 15, 8, 13, 14, 17, 10, 8, 18, 6, 13, 9, 11, 9, 21, 24, 21, 27, 15, 11, 22, 12, 5, 13, 16, 31, 22, 5, 19, 9, 6, 16, 33, 28, 9, 22, 6, 23, 32, 21, 10, 10, 8], "episode_rewards": [-200.0, 600.0, -400.0, -1400.0, -100.0, -200.0, -300.0, -1400.0, -1000.0, 0.0, -500.0, 0.0, -400.0, -400.0, 400.0, -1000.0, 400.0, 100.0, -1100.0, 1600.0, -1000.0, -300.0, 0.0, -400.0, -1200.0, 200.0, 0.0, 100.0, -1300.0, -800.0, -600.0, -800.0, -800.0, -1000.0, -1000.0, -500.0, -1100.0, 0.0, -100.0, -300.0, -500.0, -300.0, -1200.0, -500.0, -600.0, -600.0, 0.0, -200.0, -500.0, -100.0, -700.0, 900.0, -200.0, -1600.0, -600.0, -1000.0, -1100.0, -800.0, -800.0, -300.0, -800.0, -900.0, -200.0, -1100.0, -300.0, -500.0, -700.0, -800.0, -800.0, -1000.0, -600.0, -800.0, -100.0, -600.0, -600.0, 0.0, -800.0, -300.0, -1100.0, -1200.0, -800.0, -700.0, -400.0, 900.0, -800.0, -1400.0, -200.0, -900.0, -300.0, -1400.0, 300.0, -600.0, -1100.0, -900.0, -1200.0, 300.0, -1200.0, -500.0, -900.0, -500.0]}