{"timestamps": [1551913959.587974, 1551913989.300951, 1551913992.430996, 1551914008.869865, 1551914025.352769, 1551914044.928941, 1551914055.25879, 1551914062.54803, 1551914076.029154, 1551914083.324662, 1551914091.584371, 1551914098.816258, 1551914106.062021, 1551914120.448463, 1551914125.629499, 1551914132.93223, 1551914140.116634, 1551914145.343061, 1551914155.663581, 1551914173.1633, 1551914191.596362, 1551914198.871691, 1551914207.188829, 1551914213.420705, 1551914220.65413, 1551914230.985343, 1551914234.090981, 1551914246.514188, 1551914249.668104, 1551914267.144912, 1551914270.257393, 1551914283.711098, 1551914289.920181, 1551914303.322511, 1551914326.95684, 1551914337.274942, 1551914347.537648, 1551914355.776472, 1551914367.147612, 1551914379.578818, 1551914387.840278, 1551914398.189071, 1551914405.40326, 1551914412.632235, 1551914419.853231, 1551914427.093198, 1551914433.305617, 1551914451.782687, 1551914466.208558, 1551914476.553281, 1551914509.322629, 1551914513.451893, 1551914525.750238, 1551914533.00932, 1551914542.313366, 1551914545.444192, 1551914569.099889, 1551914578.40097, 1551914585.687185, 1551914596.991968, 1551914600.100741, 1551914609.439688, 1551914638.343739, 1551914644.594248, 1551914651.863159, 1551914664.206823, 1551914699.1038, 1551914702.234792, 1551914714.573218, 1551914722.813082, 1551914730.045705, 1551914738.332092, 1551914762.924476, 1551914775.332045, 1551914798.906585, 1551914824.577951, 1551914832.851212, 1551914845.179674, 1551914851.368414, 1551914863.755826, 1551914869.977632, 1551914877.185216, 1551914890.598541, 1551914905.047259, 1551914928.705953, 1551914935.955942, 1551914941.181478, 1551914951.435184, 1551914976.063776, 1551914995.620902, 1551915019.210336, 1551915034.629617, 1551915043.887453, 1551915055.27433, 1551915058.439037, 1551915065.651035, 1551915068.795188, 1551915130.243935, 1551915135.410053, 1551915152.885288], "initial_reset_timestamp": 1551913952.326956, "episode_types": ["t", "t", "t", "t", "t", "t", "t", "t", "t", "t", "t", "t", "t", "t", "t", "t", "t", "t", "t", "t", "t", "t", "t", "t", "t", "t", "t", "t", "t", "t", "t", "t", "t", "t", "t", "t", "t", "t", "t", "t", "t", "t", "t", "t", "t", "t", "t", "t", "t", "t", "t", "t", "t", "t", "t", "t", "t", "t", "t", "t", "t", "t", "t", "t", "t", "t", "t", "t", "t", "t", "t", "t", "t", "t", "t", "t", "t", "t", "t", "t", "t", "t", "t", "t", "t", "t", "t", "t", "t", "t", "t", "t", "t", "t", "t", "t", "t", "t", "t", "t"], "episode_lengths": [6, 28, 2, 15, 15, 18, 9, 6, 12, 6, 7, 6, 6, 13, 4, 6, 6, 4, 9, 16, 17, 6, 7, 5, 6, 9, 2, 11, 2, 16, 2, 12, 5, 12, 22, 9, 9, 7, 10, 11, 7, 9, 6, 6, 6, 6, 5, 17, 13, 9, 31, 3, 11, 6, 8, 2, 22, 8, 6, 10, 2, 8, 27, 5, 6, 11, 33, 2, 11, 7, 6, 7, 23, 11, 22, 24, 7, 11, 5, 11, 5, 6, 12, 13, 22, 6, 4, 9, 23, 18, 22, 14, 8, 10, 2, 6, 2, 59, 4, 16], "episode_rewards": [1.0, -1.0, 1.0, 12.0, 0.0, 5.0, 8.0, 1.0, 5.0, 3.0, 6.0, 5.0, 5.0, 10.0, 3.0, 3.0, -1.0, 1.0, -2.0, 9.0, 0.0, 1.0, 0.0, 4.0, 1.0, 0.0, 1.0, 8.0, -1.0, 9.0, -1.0, 3.0, 2.0, 11.0, 9.0, -2.0, 4.0, 6.0, 7.0, 2.0, 0.0, 0.0, 5.0, 5.0, 3.0, 5.0, 4.0, 2.0, 10.0, -2.0, 4.0, 0.0, 6.0, 3.0, 5.0, -1.0, 9.0, 1.0, 5.0, 5.0, -1.0, 7.0, 20.0, 4.0, 1.0, 2.0, -2.0, 1.0, 10.0, 2.0, 1.0, 4.0, 8.0, 2.0, 21.0, -1.0, 6.0, 8.0, -2.0, 0.0, 0.0, 1.0, 7.0, -2.0, 5.0, 3.0, 3.0, 6.0, 14.0, 13.0, 5.0, 9.0, 7.0, 7.0, -1.0, 5.0, -1.0, 14.0, -1.0, 11.0]}